<?xml version="1.0"?>
<module>
  <type>language</type>
  <name>Persian Language Pack</name>
  <label>Persian</label>
  <prefix>fa_ir</prefix>
  <version>1.0.0</version>
  <encoding>UTF-8</encoding>
  <author>Hamid Rabiei - http://awebict.net</author>
	<dependencies>
		<vtiger_version>6.0.0</vtiger_version>
		<vtiger_max_version>6.*</vtiger_max_version>
	</dependencies>
    <license>
    <inline><![CDATA[********************************************************************************************
 *  Language     : Persian (Farsi)
 *  Version      : 1.0.0
 *  Author       : Hamid Rabiei. AWEB Information Technology Co - http://www.awebict.net
 *  بسته زبان فارسی برای ویتایگر نسخه 6
 *  نسخه بسته زبان 1.0.0
 *  انتشار توسط تیم پارس ویتایگر - حمید ربیعی http://www.awebict.net
 *  تمام حقوق برای پارس ویتایگر محفوظ است.
 *  فروش و انتشار این بسته بدون ذکر منبع و اجازه ناشر شرعا حرام و قابل پیگرد قانونی است.
 ********************************************************************************************]]></inline>
  </license>
</module>
